# timestamp;time_utc;currency;impact;title
1789561800;2026.09.16 12:30;USD;Medium;Core Retail Sales m/m
1789561800;2026.09.16 12:30;USD;Medium;Retail Sales m/m
1789581600;2026.09.16 18:00;USD;High;Federal Funds Rate
1789581600;2026.09.16 18:00;USD;High;FOMC Economic Projections
1789581600;2026.09.16 18:00;USD;High;FOMC Statement
1789583400;2026.09.16 18:30;USD;High;FOMC Press Conference
1789648200;2026.09.17 12:30;USD;Medium;Philly Fed Manufacturing Index
1789648200;2026.09.17 12:30;USD;Medium;Unemployment Claims
1789727400;2026.09.18 10:30;EUR;Medium;ECB President Lagarde Speaks
1790002800;2026.09.21 15:00;EUR;Medium;ECB President Lagarde Speaks
1790074800;2026.09.22 11:00;EUR;Medium;ECB President Lagarde Speaks
1790085300;2026.09.22 13:55;USD;Medium;President Trump Speaks
1790147700;2026.09.23 07:15;EUR;Medium;French Flash Manufacturing PMI
1790147700;2026.09.23 07:15;EUR;Medium;French Flash Services PMI
1790148600;2026.09.23 07:30;EUR;Medium;German Flash Manufacturing PMI
1790148600;2026.09.23 07:30;EUR;Medium;German Flash Services PMI
1790253000;2026.09.24 12:30;USD;Medium;Unemployment Claims
1790259300;2026.09.24 14:15;USD;Medium;President Trump Speaks
1790294100;2026.09.24 23:55;USD;Medium;President Trump Speaks
1790344800;2026.09.25 14:00;USD;Medium;Revised UoM Consumer Sentiment
1790344800;2026.09.25 14:00;USD;Medium;Revised UoM Inflation Expectations
1790602200;2026.09.28 13:30;EUR;Medium;ECB President Lagarde Speaks
1790679600;2026.09.29 11:00;EUR;Medium;ECB President Lagarde Speaks
1790690400;2026.09.29 14:00;USD;Medium;CB Consumer Confidence
1790690400;2026.09.29 14:00;USD;Medium;JOLTS Job Openings
1790749740;2026.09.30 06:29;EUR;Medium;German Prelim CPI m/m
1790770500;2026.09.30 12:15;USD;Medium;ADP Non-Farm Employment Change
1790771400;2026.09.30 12:30;USD;High;Core PCE Price Index m/m
1790771400;2026.09.30 12:30;USD;High;Final GDP q/q
1790771400;2026.09.30 12:30;USD;Medium;Final GDP Price Index q/q
1790857800;2026.10.01 12:30;USD;Medium;Unemployment Claims
1790861400;2026.10.01 13:30;EUR;Medium;ECB President Lagarde Speaks
1790863200;2026.10.01 14:00;USD;Medium;FOMC Member Waller Speaks
1790863200;2026.10.01 14:00;USD;Medium;ISM Manufacturing PMI
1790931600;2026.10.02 09:00;EUR;Medium;Core CPI Flash Estimate y/y
1790931600;2026.10.02 09:00;EUR;Medium;CPI Flash Estimate y/y
1790944200;2026.10.02 12:30;USD;High;Average Hourly Earnings m/m
1790944200;2026.10.02 12:30;USD;High;Non-Farm Employment Change
1790944200;2026.10.02 12:30;USD;High;Unemployment Rate
